pokemon_name,pokemon_generation,total_stats,total_stats_comparison
Bulbasaur,1,636,Inférieur ou égal à la moyenne
Ivysaur,1,810,Inférieur ou égal à la moyenne
Venusaur,1,1250,Supérieur ou égal à la moyenne
Charmander,1,618,Inférieur ou égal à la moyenne
Charmeleon,1,810,Inférieur ou égal à la moyenne
Charizard,1,1268,Supérieur ou égal à la moyenne
Squirtle,1,628,Inférieur ou égal à la moyenne
Wartortle,1,810,Inférieur ou égal à la moyenne
Blastoise,1,1260,Supérieur ou égal à la moyenne
Caterpie,1,390,Inférieur ou égal à la moyenne
Metapod,1,410,Inférieur ou égal à la moyenne
Butterfree,1,790,Inférieur ou égal à la moyenne
Weedle,1,390,Inférieur ou égal à la moyenne
Kakuna,1,410,Inférieur ou égal à la moyenne
Beedrill,1,990,Supérieur ou égal à la moyenne
Pidgey,1,502,Inférieur ou égal à la moyenne
Pidgeotto,1,698,Inférieur ou égal à la moyenne
Pidgeot,1,1158,Supérieur ou égal à la moyenne
Rattata,1,506,Inférieur ou égal à la moyenne
Raticate,1,826,Inférieur ou égal à la moyenne
Spearow,1,524,Inférieur ou égal à la moyenne
Fearow,1,884,Supérieur ou égal à la moyenne
Ekans,1,576,Inférieur ou égal à la moyenne
Arbok,1,896,Supérieur ou égal à la moyenne
Pikachu,1,640,Inférieur ou égal à la moyenne
Raichu,1,970,Supérieur ou égal à la moyenne
Sandshrew,1,600,Inférieur ou égal à la moyenne
Sandslash,1,900,Supérieur ou égal à la moyenne
Nidoran♀,1,550,Inférieur ou égal à la moyenne
Nidorina,1,730,Inférieur ou égal à la moyenne
Nidoqueen,1,1010,Supérieur ou égal à la moyenne
Nidoran♂,1,546,Inférieur ou égal à la moyenne
Nidorino,1,730,Inférieur ou égal à la moyenne
Nidoking,1,1010,Supérieur ou égal à la moyenne
Clefairy,1,646,Inférieur ou égal à la moyenne
Clefable,1,966,Supérieur ou égal à la moyenne
Vulpix,1,598,Inférieur ou égal à la moyenne
Ninetales,1,1010,Supérieur ou égal à la moyenne
Jigglypuff,1,540,Inférieur ou égal à la moyenne
Wigglytuff,1,870,Supérieur ou égal à la moyenne
Zubat,1,490,Inférieur ou égal à la moyenne
Golbat,1,910,Supérieur ou égal à la moyenne
Oddish,1,640,Inférieur ou égal à la moyenne
Gloom,1,790,Inférieur ou égal à la moyenne
Vileplume,1,980,Supérieur ou égal à la moyenne
Paras,1,570,Inférieur ou égal à la moyenne
Parasect,1,810,Inférieur ou égal à la moyenne
Venonat,1,610,Inférieur ou égal à la moyenne
Venomoth,1,900,Supérieur ou égal à la moyenne
Diglett,1,530,Inférieur ou égal à la moyenne
Dugtrio,1,850,Supérieur ou égal à la moyenne
Meowth,1,580,Inférieur ou égal à la moyenne
Persian,1,880,Supérieur ou égal à la moyenne
Psyduck,1,640,Inférieur ou égal à la moyenne
Golduck,1,1000,Supérieur ou égal à la moyenne
Mankey,1,610,Inférieur ou égal à la moyenne
Primeape,1,910,Supérieur ou égal à la moyenne
Growlithe,1,700,Inférieur ou égal à la moyenne
Arcanine,1,1110,Supérieur ou égal à la moyenne
Poliwag,1,600,Inférieur ou égal à la moyenne
Poliwhirl,1,770,Inférieur ou égal à la moyenne
Poliwrath,1,1020,Supérieur ou égal à la moyenne
Abra,1,620,Inférieur ou égal à la moyenne
Kadabra,1,800,Inférieur ou égal à la moyenne
Alakazam,1,1200,Supérieur ou égal à la moyenne
Machop,1,610,Inférieur ou égal à la moyenne
Machoke,1,810,Inférieur ou égal à la moyenne
Machamp,1,1010,Supérieur ou égal à la moyenne
Bellsprout,1,600,Inférieur ou égal à la moyenne
Weepinbell,1,780,Inférieur ou égal à la moyenne
Victreebel,1,980,Supérieur ou égal à la moyenne
Tentacool,1,670,Inférieur ou égal à la moyenne
Tentacruel,1,1030,Supérieur ou égal à la moyenne
Geodude,1,600,Inférieur ou égal à la moyenne
Graveler,1,780,Inférieur ou égal à la moyenne
Golem,1,990,Supérieur ou égal à la moyenne
Ponyta,1,820,Inférieur ou égal à la moyenne
Rapidash,1,1000,Supérieur ou égal à la moyenne
Slowpoke,1,630,Inférieur ou égal à la moyenne
Slowbro,1,1180,Supérieur ou égal à la moyenne
Magnemite,1,650,Inférieur ou égal à la moyenne
Magneton,1,930,Supérieur ou égal à la moyenne
Farfetch'd,1,754,Inférieur ou égal à la moyenne
Doduo,1,620,Inférieur ou égal à la moyenne
Dodrio,1,940,Supérieur ou égal à la moyenne
Seel,1,650,Inférieur ou égal à la moyenne
Dewgong,1,950,Supérieur ou égal à la moyenne
Grimer,1,650,Inférieur ou égal à la moyenne
Muk,1,1000,Supérieur ou égal à la moyenne
Shellder,1,610,Inférieur ou égal à la moyenne
Cloyster,1,1050,Supérieur ou égal à la moyenne
Gastly,1,620,Inférieur ou égal à la moyenne
Haunter,1,810,Inférieur ou égal à la moyenne
Gengar,1,1200,Supérieur ou égal à la moyenne
Onix,1,770,Inférieur ou égal à la moyenne
Drowzee,1,656,Inférieur ou égal à la moyenne
Hypno,1,966,Supérieur ou égal à la moyenne
Krabby,1,650,Inférieur ou égal à la moyenne
Kingler,1,950,Supérieur ou égal à la moyenne
Voltorb,1,660,Inférieur ou égal à la moyenne
Electrode,1,980,Supérieur ou égal à la moyenne
Exeggcute,1,650,Inférieur ou égal à la moyenne
Exeggutor,1,1060,Supérieur ou égal à la moyenne
Cubone,1,640,Inférieur ou égal à la moyenne
Marowak,1,850,Supérieur ou égal à la moyenne
Hitmonlee,1,910,Supérieur ou égal à la moyenne
Hitmonchan,1,910,Supérieur ou égal à la moyenne
Lickitung,1,770,Inférieur ou égal à la moyenne
Koffing,1,680,Inférieur ou égal à la moyenne
Weezing,1,980,Supérieur ou égal à la moyenne
Rhyhorn,1,690,Inférieur ou égal à la moyenne
Rhydon,1,970,Supérieur ou égal à la moyenne
Chansey,1,900,Supérieur ou égal à la moyenne
Tangela,1,870,Supérieur ou égal à la moyenne
Kangaskhan,1,1180,Supérieur ou égal à la moyenne
Horsea,1,590,Inférieur ou égal à la moyenne
Seadra,1,880,Supérieur ou égal à la moyenne
Goldeen,1,640,Inférieur ou égal à la moyenne
Seaking,1,900,Supérieur ou égal à la moyenne
Staryu,1,680,Inférieur ou égal à la moyenne
Starmie,1,1040,Supérieur ou égal à la moyenne
Mr. Mime,1,920,Supérieur ou égal à la moyenne
Scyther,1,1000,Supérieur ou égal à la moyenne
Jynx,1,910,Supérieur ou égal à la moyenne
Electabuzz,1,980,Supérieur ou égal à la moyenne
Magmar,1,990,Supérieur ou égal à la moyenne
Pinsir,1,1200,Supérieur ou égal à la moyenne
Tauros,1,980,Supérieur ou égal à la moyenne
Magikarp,1,400,Inférieur ou égal à la moyenne
Gyarados,1,1280,Supérieur ou égal à la moyenne
Lapras,1,1070,Supérieur ou égal à la moyenne
Ditto,1,576,Inférieur ou égal à la moyenne
Eevee,1,650,Inférieur ou égal à la moyenne
Vaporeon,1,1050,Supérieur ou égal à la moyenne
Jolteon,1,1050,Supérieur ou égal à la moyenne
Flareon,1,1050,Supérieur ou égal à la moyenne
Porygon,1,790,Inférieur ou égal à la moyenne
Omanyte,1,710,Inférieur ou égal à la moyenne
Omastar,1,990,Supérieur ou égal à la moyenne
Kabuto,1,710,Inférieur ou égal à la moyenne
Kabutops,1,990,Supérieur ou égal à la moyenne
Aerodactyl,1,1230,Supérieur ou égal à la moyenne
Snorlax,1,1080,Supérieur ou égal à la moyenne
Articuno,1,1160,Supérieur ou égal à la moyenne
Zapdos,1,1160,Supérieur ou égal à la moyenne
Moltres,1,1160,Supérieur ou égal à la moyenne
Dratini,1,600,Inférieur ou égal à la moyenne
Dragonair,1,840,Supérieur ou égal à la moyenne
Dragonite,1,1200,Supérieur ou égal à la moyenne
Mewtwo,1,1560,Supérieur ou égal à la moyenne
Mew,1,1200,Supérieur ou égal à la moyenne
Chikorita,2,636,Inférieur ou égal à la moyenne
Bayleef,2,810,Inférieur ou égal à la moyenne
Meganium,2,1050,Supérieur ou égal à la moyenne
Cyndaquil,2,618,Inférieur ou égal à la moyenne
Quilava,2,810,Inférieur ou égal à la moyenne
Typhlosion,2,1068,Supérieur ou égal à la moyenne
Totodile,2,628,Inférieur ou égal à la moyenne
Croconaw,2,810,Inférieur ou égal à la moyenne
Feraligatr,2,1060,Supérieur ou égal à la moyenne
Sentret,2,430,Inférieur ou égal à la moyenne
Furret,2,830,Supérieur ou égal à la moyenne
Hoothoot,2,524,Inférieur ou égal à la moyenne
Noctowl,2,904,Supérieur ou égal à la moyenne
Ledyba,2,530,Inférieur ou égal à la moyenne
Ledian,2,780,Inférieur ou égal à la moyenne
Spinarak,2,500,Inférieur ou égal à la moyenne
Ariados,2,800,Inférieur ou égal à la moyenne
Crobat,2,1070,Supérieur ou égal à la moyenne
Chinchou,2,660,Inférieur ou égal à la moyenne
Lanturn,2,920,Supérieur ou égal à la moyenne
Pichu,2,410,Inférieur ou égal à la moyenne
Cleffa,2,436,Inférieur ou égal à la moyenne
Igglybuff,2,420,Inférieur ou égal à la moyenne
Togepi,2,490,Inférieur ou égal à la moyenne
Togetic,2,810,Inférieur ou égal à la moyenne
Natu,2,640,Inférieur ou égal à la moyenne
Xatu,2,940,Supérieur ou égal à la moyenne
Mareep,2,560,Inférieur ou égal à la moyenne
Flaaffy,2,730,Inférieur ou égal à la moyenne
Ampharos,2,1220,Supérieur ou égal à la moyenne
Bellossom,2,980,Supérieur ou égal à la moyenne
Marill,2,500,Inférieur ou égal à la moyenne
Azumarill,2,840,Supérieur ou égal à la moyenne
Sudowoodo,2,820,Inférieur ou égal à la moyenne
Politoed,2,1000,Supérieur ou égal à la moyenne
Hoppip,2,500,Inférieur ou égal à la moyenne
Skiploom,2,680,Inférieur ou égal à la moyenne
Jumpluff,2,920,Supérieur ou égal à la moyenne
Aipom,2,720,Inférieur ou égal à la moyenne
Sunkern,2,360,Inférieur ou égal à la moyenne
Sunflora,2,850,Supérieur ou égal à la moyenne
Yanma,2,780,Inférieur ou égal à la moyenne
Wooper,2,420,Inférieur ou égal à la moyenne
Quagsire,2,860,Supérieur ou égal à la moyenne
Espeon,2,1050,Supérieur ou égal à la moyenne
Umbreon,2,1050,Supérieur ou égal à la moyenne
Murkrow,2,810,Inférieur ou égal à la moyenne
Slowking,2,980,Supérieur ou égal à la moyenne
Misdreavus,2,870,Supérieur ou égal à la moyenne
Unown,2,672,Inférieur ou égal à la moyenne
Wobbuffet,2,810,Inférieur ou égal à la moyenne
Girafarig,2,910,Supérieur ou égal à la moyenne
Pineco,2,580,Inférieur ou égal à la moyenne
Forretress,2,930,Supérieur ou égal à la moyenne
Dunsparce,2,830,Supérieur ou égal à la moyenne
Gligar,2,860,Supérieur ou égal à la moyenne
Steelix,2,1220,Supérieur ou égal à la moyenne
Snubbull,2,600,Inférieur ou égal à la moyenne
Granbull,2,900,Supérieur ou égal à la moyenne
Qwilfish,2,880,Supérieur ou égal à la moyenne
Scizor,2,1200,Supérieur ou égal à la moyenne
Shuckle,2,1010,Supérieur ou égal à la moyenne
Heracross,2,1200,Supérieur ou égal à la moyenne
Sneasel,2,860,Supérieur ou égal à la moyenne
Teddiursa,2,660,Inférieur ou égal à la moyenne
Ursaring,2,1000,Supérieur ou égal à la moyenne
Slugma,2,500,Inférieur ou égal à la moyenne
Magcargo,2,860,Supérieur ou égal à la moyenne
Swinub,2,500,Inférieur ou égal à la moyenne
Piloswine,2,900,Supérieur ou égal à la moyenne
Corsola,2,820,Inférieur ou égal à la moyenne
Remoraid,2,600,Inférieur ou égal à la moyenne
Octillery,2,960,Supérieur ou égal à la moyenne
Delibird,2,660,Inférieur ou égal à la moyenne
Mantine,2,970,Supérieur ou égal à la moyenne
Skarmory,2,930,Supérieur ou égal à la moyenne
Houndour,2,660,Inférieur ou égal à la moyenne
Houndoom,2,1200,Supérieur ou égal à la moyenne
Kingdra,2,1080,Supérieur ou égal à la moyenne
Phanpy,2,660,Inférieur ou égal à la moyenne
Donphan,2,1000,Supérieur ou égal à la moyenne
Porygon2,2,1030,Supérieur ou égal à la moyenne
Stantler,2,930,Supérieur ou égal à la moyenne
Smeargle,2,500,Inférieur ou égal à la moyenne
Tyrogue,2,420,Inférieur ou égal à la moyenne
Hitmontop,2,910,Supérieur ou égal à la moyenne
Smoochum,2,610,Inférieur ou égal à la moyenne
Elekid,2,720,Inférieur ou égal à la moyenne
Magby,2,730,Inférieur ou égal à la moyenne
Miltank,2,980,Supérieur ou égal à la moyenne
Blissey,2,1080,Supérieur ou égal à la moyenne
Raikou,2,1160,Supérieur ou égal à la moyenne
Entei,2,1160,Supérieur ou égal à la moyenne
Suicune,2,1160,Supérieur ou égal à la moyenne
Larvitar,2,600,Inférieur ou égal à la moyenne
Pupitar,2,820,Inférieur ou égal à la moyenne
Tyranitar,2,1400,Supérieur ou égal à la moyenne
Lugia,2,1360,Supérieur ou égal à la moyenne
Ho-Oh,2,1360,Supérieur ou égal à la moyenne
Celebi,2,1200,Supérieur ou égal à la moyenne
Treecko,3,620,Inférieur ou égal à la moyenne
Grovyle,3,810,Inférieur ou égal à la moyenne
Sceptile,3,1260,Supérieur ou égal à la moyenne
Torchic,3,620,Inférieur ou égal à la moyenne
Combusken,3,810,Inférieur ou égal à la moyenne
Blaziken,3,1260,Supérieur ou égal à la moyenne
Mudkip,3,620,Inférieur ou égal à la moyenne
Marshtomp,3,810,Inférieur ou égal à la moyenne
Swampert,3,1270,Supérieur ou égal à la moyenne
Poochyena,3,440,Inférieur ou égal à la moyenne
Mightyena,3,840,Inférieur ou égal à la moyenne
Zigzagoon,3,480,Inférieur ou égal à la moyenne
Linoone,3,840,Inférieur ou égal à la moyenne
Wurmple,3,390,Inférieur ou égal à la moyenne
Silcoon,3,410,Inférieur ou égal à la moyenne
Beautifly,3,790,Inférieur ou égal à la moyenne
Cascoon,3,410,Inférieur ou égal à la moyenne
Dustox,3,770,Inférieur ou égal à la moyenne
Lotad,3,440,Inférieur ou égal à la moyenne
Lombre,3,680,Inférieur ou égal à la moyenne
Ludicolo,3,960,Supérieur ou égal à la moyenne
Seedot,3,440,Inférieur ou égal à la moyenne
Nuzleaf,3,680,Inférieur ou égal à la moyenne
Shiftry,3,960,Supérieur ou égal à la moyenne
Taillow,3,540,Inférieur ou égal à la moyenne
Swellow,3,910,Supérieur ou égal à la moyenne
Wingull,3,540,Inférieur ou égal à la moyenne
Pelipper,3,880,Supérieur ou égal à la moyenne
Ralts,3,396,Inférieur ou égal à la moyenne
Kirlia,3,556,Inférieur ou égal à la moyenne
Gardevoir,3,1236,Supérieur ou égal à la moyenne
Surskit,3,538,Inférieur ou égal à la moyenne
Masquerain,3,908,Supérieur ou égal à la moyenne
Shroomish,3,590,Inférieur ou égal à la moyenne
Breloom,3,920,Supérieur ou égal à la moyenne
Slakoth,3,560,Inférieur ou égal à la moyenne
Vigoroth,3,880,Supérieur ou égal à la moyenne
Slaking,3,1340,Supérieur ou égal à la moyenne
Nincada,3,532,Inférieur ou égal à la moyenne
Ninjask,3,912,Supérieur ou égal à la moyenne
Shedinja,3,472,Inférieur ou égal à la moyenne
Whismur,3,480,Inférieur ou égal à la moyenne
Loudred,3,720,Inférieur ou égal à la moyenne
Exploud,3,980,Supérieur ou égal à la moyenne
Makuhita,3,474,Inférieur ou égal à la moyenne
Hariyama,3,948,Supérieur ou égal à la moyenne
Azurill,3,380,Inférieur ou égal à la moyenne
Nosepass,3,750,Inférieur ou égal à la moyenne
Skitty,3,520,Inférieur ou égal à la moyenne
Delcatty,3,800,Inférieur ou égal à la moyenne
Sableye,3,960,Supérieur ou égal à la moyenne
Mawile,3,960,Supérieur ou égal à la moyenne
Aron,3,660,Inférieur ou égal à la moyenne
Lairon,3,860,Supérieur ou égal à la moyenne
Aggron,3,1260,Supérieur ou égal à la moyenne
Meditite,3,560,Inférieur ou égal à la moyenne
Medicham,3,1020,Supérieur ou égal à la moyenne
Electrike,3,590,Inférieur ou égal à la moyenne
Manectric,3,1150,Supérieur ou égal à la moyenne
Plusle,3,810,Inférieur ou égal à la moyenne
Minun,3,810,Inférieur ou égal à la moyenne
Volbeat,3,860,Supérieur ou égal à la moyenne
Illumise,3,860,Supérieur ou égal à la moyenne
Roselia,3,800,Inférieur ou égal à la moyenne
Gulpin,3,604,Inférieur ou égal à la moyenne
Swalot,3,934,Supérieur ou égal à la moyenne
Carvanha,3,610,Inférieur ou égal à la moyenne
Sharpedo,3,1120,Supérieur ou égal à la moyenne
Wailmer,3,800,Inférieur ou égal à la moyenne
Wailord,3,1000,Supérieur ou égal à la moyenne
Numel,3,610,Inférieur ou égal à la moyenne
Camerupt,3,1120,Supérieur ou égal à la moyenne
Torkoal,3,940,Supérieur ou égal à la moyenne
Spoink,3,660,Inférieur ou égal à la moyenne
Grumpig,3,940,Supérieur ou égal à la moyenne
Spinda,3,720,Inférieur ou égal à la moyenne
Trapinch,3,580,Inférieur ou égal à la moyenne
Vibrava,3,680,Inférieur ou égal à la moyenne
Flygon,3,1040,Supérieur ou égal à la moyenne
Cacnea,3,670,Inférieur ou égal à la moyenne
Cacturne,3,950,Supérieur ou égal à la moyenne
Swablu,3,620,Inférieur ou égal à la moyenne
Altaria,3,1180,Supérieur ou égal à la moyenne
Zangoose,3,916,Supérieur ou égal à la moyenne
Seviper,3,916,Supérieur ou égal à la moyenne
Lunatone,3,920,Supérieur ou égal à la moyenne
Solrock,3,920,Supérieur ou égal à la moyenne
Barboach,3,576,Inférieur ou égal à la moyenne
Whiscash,3,936,Supérieur ou égal à la moyenne
Corphish,3,616,Inférieur ou égal à la moyenne
Crawdaunt,3,936,Supérieur ou égal à la moyenne
Baltoy,3,600,Inférieur ou égal à la moyenne
Claydol,3,1000,Supérieur ou égal à la moyenne
Lileep,3,710,Inférieur ou égal à la moyenne
Cradily,3,990,Supérieur ou égal à la moyenne
Anorith,3,710,Inférieur ou égal à la moyenne
Armaldo,3,990,Supérieur ou égal à la moyenne
Feebas,3,400,Inférieur ou égal à la moyenne
Milotic,3,1080,Supérieur ou égal à la moyenne
Castform,3,840,Inférieur ou égal à la moyenne
Kecleon,3,880,Supérieur ou égal à la moyenne
Shuppet,3,590,Inférieur ou égal à la moyenne
Banette,3,1110,Supérieur ou égal à la moyenne
Duskull,3,590,Inférieur ou égal à la moyenne
Dusclops,3,910,Supérieur ou égal à la moyenne
Tropius,3,920,Supérieur ou égal à la moyenne
Chimecho,3,910,Supérieur ou égal à la moyenne
Absol,3,1130,Supérieur ou égal à la moyenne
Wynaut,3,520,Inférieur ou égal à la moyenne
Snorunt,3,600,Inférieur ou égal à la moyenne
Glalie,3,1160,Supérieur ou égal à la moyenne
Spheal,3,580,Inférieur ou égal à la moyenne
Sealeo,3,820,Inférieur ou égal à la moyenne
Walrein,3,1060,Supérieur ou égal à la moyenne
Clamperl,3,690,Inférieur ou égal à la moyenne
Huntail,3,970,Supérieur ou égal à la moyenne
Gorebyss,3,970,Supérieur ou égal à la moyenne
Relicanth,3,970,Supérieur ou égal à la moyenne
Luvdisc,3,660,Inférieur ou égal à la moyenne
Bagon,3,600,Inférieur ou égal à la moyenne
Shelgon,3,840,Inférieur ou égal à la moyenne
Salamence,3,1400,Supérieur ou égal à la moyenne
Beldum,3,600,Inférieur ou égal à la moyenne
Metang,3,840,Inférieur ou égal à la moyenne
Metagross,3,1400,Supérieur ou égal à la moyenne
Regirock,3,1160,Supérieur ou égal à la moyenne
Regice,3,1160,Supérieur ou égal à la moyenne
Registeel,3,1160,Supérieur ou égal à la moyenne
Latias,3,1400,Supérieur ou égal à la moyenne
Latios,3,1400,Supérieur ou égal à la moyenne
Kyogre,3,1540,Supérieur ou égal à la moyenne
Groudon,3,1540,Supérieur ou égal à la moyenne
Rayquaza,3,1560,Supérieur ou égal à la moyenne
Jirachi,3,1200,Supérieur ou égal à la moyenne
Deoxys,3,1200,Supérieur ou égal à la moyenne
Turtwig,4,636,Inférieur ou égal à la moyenne
Grotle,4,810,Inférieur ou égal à la moyenne
Torterra,4,1050,Supérieur ou égal à la moyenne
Chimchar,4,618,Inférieur ou égal à la moyenne
Monferno,4,810,Inférieur ou égal à la moyenne
Infernape,4,1068,Supérieur ou égal à la moyenne
Piplup,4,628,Inférieur ou égal à la moyenne
Prinplup,4,810,Inférieur ou égal à la moyenne
Empoleon,4,1060,Supérieur ou égal à la moyenne
Starly,4,490,Inférieur ou égal à la moyenne
Staravia,4,680,Inférieur ou égal à la moyenne
Staraptor,4,970,Supérieur ou égal à la moyenne
Bidoof,4,500,Inférieur ou égal à la moyenne
Bibarel,4,820,Inférieur ou égal à la moyenne
Kricketot,4,388,Inférieur ou égal à la moyenne
Kricketune,4,768,Inférieur ou égal à la moyenne
Shinx,4,526,Inférieur ou égal à la moyenne
Luxio,4,726,Inférieur ou égal à la moyenne
Luxray,4,1046,Supérieur ou égal à la moyenne
Budew,4,560,Inférieur ou égal à la moyenne
Roserade,4,1030,Supérieur ou égal à la moyenne
Cranidos,4,700,Inférieur ou égal à la moyenne
Rampardos,4,990,Supérieur ou égal à la moyenne
Shieldon,4,700,Inférieur ou égal à la moyenne
Bastiodon,4,990,Supérieur ou égal à la moyenne
Burmy,4,448,Inférieur ou égal à la moyenne
Wormadam,4,848,Inférieur ou égal à la moyenne
Mothim,4,848,Inférieur ou égal à la moyenne
Combee,4,488,Inférieur ou égal à la moyenne
Vespiquen,4,948,Supérieur ou égal à la moyenne
Pachirisu,4,810,Inférieur ou égal à la moyenne
Buizel,4,660,Inférieur ou égal à la moyenne
Floatzel,4,990,Supérieur ou égal à la moyenne
Cherubi,4,550,Inférieur ou égal à la moyenne
Cherrim,4,900,Inférieur ou égal à la moyenne
Shellos,4,650,Inférieur ou égal à la moyenne
Gastrodon,4,950,Supérieur ou égal à la moyenne
Ambipom,4,964,Supérieur ou égal à la moyenne
Drifloon,4,696,Inférieur ou égal à la moyenne
Drifblim,4,996,Supérieur ou égal à la moyenne
Buneary,4,700,Inférieur ou égal à la moyenne
Lopunny,4,1160,Supérieur ou égal à la moyenne
Mismagius,4,990,Supérieur ou égal à la moyenne
Honchkrow,4,1010,Supérieur ou égal à la moyenne
Glameow,4,620,Inférieur ou égal à la moyenne
Purugly,4,904,Supérieur ou égal à la moyenne
Chingling,4,570,Inférieur ou égal à la moyenne
Stunky,4,658,Inférieur ou égal à la moyenne
Skuntank,4,958,Supérieur ou égal à la moyenne
Bronzor,4,600,Inférieur ou égal à la moyenne
Bronzong,4,1000,Supérieur ou égal à la moyenne
Bonsly,4,580,Inférieur ou égal à la moyenne
Mime Jr.,4,620,Inférieur ou égal à la moyenne
Happiny,4,440,Inférieur ou égal à la moyenne
Chatot,4,822,Inférieur ou égal à la moyenne
Spiritomb,4,970,Supérieur ou égal à la moyenne
Gible,4,600,Inférieur ou égal à la moyenne
Gabite,4,820,Inférieur ou égal à la moyenne
Garchomp,4,1400,Supérieur ou égal à la moyenne
Munchlax,4,780,Inférieur ou égal à la moyenne
Riolu,4,570,Inférieur ou égal à la moyenne
Lucario,4,1250,Supérieur ou égal à la moyenne
Hippopotas,4,660,Inférieur ou égal à la moyenne
Hippowdon,4,1050,Supérieur ou égal à la moyenne
Skorupi,4,660,Inférieur ou égal à la moyenne
Drapion,4,1000,Supérieur ou égal à la moyenne
Croagunk,4,600,Inférieur ou égal à la moyenne
Toxicroak,4,980,Supérieur ou égal à la moyenne
Carnivine,4,908,Supérieur ou égal à la moyenne
Finneon,4,660,Inférieur ou égal à la moyenne
Lumineon,4,920,Supérieur ou égal à la moyenne
Mantyke,4,690,Inférieur ou égal à la moyenne
Snover,4,668,Inférieur ou égal à la moyenne
Abomasnow,4,1188,Supérieur ou égal à la moyenne
Weavile,4,1020,Supérieur ou égal à la moyenne
Magnezone,4,1070,Supérieur ou égal à la moyenne
Lickilicky,4,1030,Supérieur ou égal à la moyenne
Rhyperior,4,1070,Supérieur ou égal à la moyenne
Tangrowth,4,1070,Supérieur ou égal à la moyenne
Electivire,4,1080,Supérieur ou égal à la moyenne
Magmortar,4,1080,Supérieur ou égal à la moyenne
Togekiss,4,1090,Supérieur ou égal à la moyenne
Yanmega,4,1030,Supérieur ou égal à la moyenne
Leafeon,4,1050,Supérieur ou égal à la moyenne
Glaceon,4,1050,Supérieur ou égal à la moyenne
Gliscor,4,1020,Supérieur ou égal à la moyenne
Mamoswine,4,1060,Supérieur ou égal à la moyenne
Porygon-Z,4,1070,Supérieur ou égal à la moyenne
Gallade,4,1236,Supérieur ou égal à la moyenne
Probopass,4,1050,Supérieur ou égal à la moyenne
Dusknoir,4,1050,Supérieur ou égal à la moyenne
Froslass,4,960,Supérieur ou égal à la moyenne
Rotom,4,1040,Supérieur ou égal à la moyenne
Uxie,4,1160,Supérieur ou égal à la moyenne
Mesprit,4,1160,Supérieur ou égal à la moyenne
Azelf,4,1160,Supérieur ou égal à la moyenne
Dialga,4,1360,Supérieur ou égal à la moyenne
Palkia,4,1360,Supérieur ou égal à la moyenne
Heatran,4,1200,Supérieur ou égal à la moyenne
Regigigas,4,1340,Supérieur ou égal à la moyenne
Giratina,4,1360,Supérieur ou égal à la moyenne
Cresselia,4,1200,Supérieur ou égal à la moyenne
Phione,4,960,Supérieur ou égal à la moyenne
Manaphy,4,1200,Supérieur ou égal à la moyenne
Darkrai,4,1200,Supérieur ou égal à la moyenne
Shaymin,4,1200,Supérieur ou égal à la moyenne
Arceus,4,1440,Supérieur ou égal à la moyenne
Victini,5,1200,Supérieur ou égal à la moyenne
Snivy,5,616,Inférieur ou égal à la moyenne
Servine,5,826,Inférieur ou égal à la moyenne
Serperior,5,1056,Supérieur ou égal à la moyenne
Tepig,5,616,Inférieur ou égal à la moyenne
Pignite,5,836,Inférieur ou égal à la moyenne
Emboar,5,1056,Supérieur ou égal à la moyenne
Oshawott,5,616,Inférieur ou égal à la moyenne
Dewott,5,826,Inférieur ou égal à la moyenne
Samurott,5,1056,Supérieur ou égal à la moyenne
Patrat,5,510,Inférieur ou égal à la moyenne
Watchog,5,840,Inférieur ou égal à la moyenne
Lillipup,5,550,Inférieur ou égal à la moyenne
Herdier,5,740,Inférieur ou égal à la moyenne
Stoutland,5,1000,Supérieur ou égal à la moyenne
Purrloin,5,562,Inférieur ou égal à la moyenne
Liepard,5,892,Supérieur ou égal à la moyenne
Pansage,5,632,Inférieur ou égal à la moyenne
Simisage,5,996,Supérieur ou égal à la moyenne
Pansear,5,632,Inférieur ou égal à la moyenne
Simisear,5,996,Supérieur ou égal à la moyenne
Panpour,5,632,Inférieur ou égal à la moyenne
Simipour,5,996,Supérieur ou égal à la moyenne
Munna,5,584,Inférieur ou égal à la moyenne
Musharna,5,974,Supérieur ou égal à la moyenne
Pidove,5,528,Inférieur ou égal à la moyenne
Tranquill,5,716,Inférieur ou égal à la moyenne
Unfezant,5,976,Supérieur ou égal à la moyenne
Blitzle,5,590,Inférieur ou égal à la moyenne
Zebstrika,5,994,Supérieur ou égal à la moyenne
Roggenrola,5,560,Inférieur ou égal à la moyenne
Boldore,5,780,Inférieur ou égal à la moyenne
Gigalith,5,1030,Supérieur ou égal à la moyenne
Woobat,5,646,Inférieur ou égal à la moyenne
Swoobat,5,850,Inférieur ou égal à la moyenne
Drilbur,5,656,Inférieur ou égal à la moyenne
Excadrill,5,1016,Supérieur ou égal à la moyenne
Audino,5,1090,Supérieur ou égal à la moyenne
Timburr,5,610,Inférieur ou égal à la moyenne
Gurdurr,5,810,Inférieur ou égal à la moyenne
Conkeldurr,5,1010,Supérieur ou égal à la moyenne
Tympole,5,588,Inférieur ou égal à la moyenne
Palpitoad,5,768,Inférieur ou égal à la moyenne
Seismitoad,5,1018,Supérieur ou égal à la moyenne
Throh,5,930,Supérieur ou égal à la moyenne
Sawk,5,930,Supérieur ou égal à la moyenne
Sewaddle,5,620,Inférieur ou égal à la moyenne
Swadloon,5,760,Inférieur ou égal à la moyenne
Leavanny,5,1000,Supérieur ou égal à la moyenne
Venipede,5,520,Inférieur ou égal à la moyenne
Whirlipede,5,720,Inférieur ou égal à la moyenne
Scolipede,5,970,Supérieur ou égal à la moyenne
Cottonee,5,560,Inférieur ou égal à la moyenne
Whimsicott,5,960,Supérieur ou égal à la moyenne
Petilil,5,560,Inférieur ou égal à la moyenne
Lilligant,5,960,Supérieur ou égal à la moyenne
Basculin,5,920,Supérieur ou égal à la moyenne
Sandile,5,584,Inférieur ou égal à la moyenne
Krokorok,5,702,Inférieur ou égal à la moyenne
Krookodile,5,1038,Supérieur ou égal à la moyenne
Darumaka,5,630,Inférieur ou égal à la moyenne
Darmanitan,5,1080,Supérieur ou égal à la moyenne
Maractus,5,922,Supérieur ou égal à la moyenne
Dwebble,5,650,Inférieur ou égal à la moyenne
Crustle,5,970,Supérieur ou égal à la moyenne
Scraggy,5,696,Inférieur ou égal à la moyenne
Scrafty,5,976,Supérieur ou égal à la moyenne
Sigilyph,5,980,Supérieur ou égal à la moyenne
Yamask,5,606,Inférieur ou égal à la moyenne
Cofagrigus,5,966,Supérieur ou égal à la moyenne
Tirtouga,5,710,Inférieur ou égal à la moyenne
Carracosta,5,990,Supérieur ou égal à la moyenne
Archen,5,802,Inférieur ou égal à la moyenne
Archeops,5,1134,Supérieur ou égal à la moyenne
Trubbish,5,658,Inférieur ou égal à la moyenne
Garbodor,5,948,Supérieur ou égal à la moyenne
Zorua,5,660,Inférieur ou égal à la moyenne
Zoroark,5,1020,Supérieur ou égal à la moyenne
Minccino,5,600,Inférieur ou égal à la moyenne
Cinccino,5,940,Supérieur ou égal à la moyenne
Gothita,5,580,Inférieur ou égal à la moyenne
Gothorita,5,780,Inférieur ou égal à la moyenne
Gothitelle,5,980,Supérieur ou égal à la moyenne
Solosis,5,580,Inférieur ou égal à la moyenne
Duosion,5,740,Inférieur ou égal à la moyenne
Reuniclus,5,980,Supérieur ou égal à la moyenne
Ducklett,5,610,Inférieur ou égal à la moyenne
Swanna,5,946,Supérieur ou égal à la moyenne
Vanillite,5,610,Inférieur ou égal à la moyenne
Vanillish,5,790,Inférieur ou égal à la moyenne
Vanilluxe,5,1070,Supérieur ou égal à la moyenne
Deerling,5,670,Inférieur ou égal à la moyenne
Sawsbuck,5,950,Supérieur ou égal à la moyenne
Emolga,5,856,Supérieur ou égal à la moyenne
Karrablast,5,630,Inférieur ou égal à la moyenne
Escavalier,5,990,Supérieur ou égal à la moyenne
Foongus,5,588,Inférieur ou égal à la moyenne
Amoonguss,5,928,Supérieur ou égal à la moyenne
Frillish,5,670,Inférieur ou égal à la moyenne
Jellicent,5,960,Supérieur ou égal à la moyenne
Alomomola,5,940,Supérieur ou égal à la moyenne
Joltik,5,638,Inférieur ou égal à la moyenne
Galvantula,5,944,Supérieur ou égal à la moyenne
Ferroseed,5,610,Inférieur ou égal à la moyenne
Ferrothorn,5,978,Supérieur ou égal à la moyenne
Klink,5,600,Inférieur ou égal à la moyenne
Klang,5,880,Supérieur ou égal à la moyenne
Klinklang,5,1040,Supérieur ou égal à la moyenne
Tynamo,5,550,Inférieur ou égal à la moyenne
Eelektrik,5,810,Inférieur ou égal à la moyenne
Eelektross,5,1030,Supérieur ou égal à la moyenne
Elgyem,5,670,Inférieur ou égal à la moyenne
Beheeyem,5,970,Supérieur ou égal à la moyenne
Litwick,5,550,Inférieur ou égal à la moyenne
Lampent,5,740,Inférieur ou égal à la moyenne
Chandelure,5,1040,Supérieur ou égal à la moyenne
Axew,5,640,Inférieur ou égal à la moyenne
Fraxure,5,820,Inférieur ou égal à la moyenne
Haxorus,5,1080,Supérieur ou égal à la moyenne
Cubchoo,5,610,Inférieur ou égal à la moyenne
Beartic,5,1010,Supérieur ou égal à la moyenne
Cryogonal,5,1030,Supérieur ou égal à la moyenne
Shelmet,5,610,Inférieur ou égal à la moyenne
Accelgor,5,990,Supérieur ou égal à la moyenne
Stunfisk,5,942,Supérieur ou égal à la moyenne
Mienfoo,5,700,Inférieur ou égal à la moyenne
Mienshao,5,1020,Supérieur ou égal à la moyenne
Druddigon,5,970,Supérieur ou égal à la moyenne
Golett,5,606,Inférieur ou égal à la moyenne
Golurk,5,966,Supérieur ou égal à la moyenne
Pawniard,5,680,Inférieur ou égal à la moyenne
Bisharp,5,980,Supérieur ou égal à la moyenne
Bouffalant,5,980,Supérieur ou égal à la moyenne
Rufflet,5,700,Inférieur ou égal à la moyenne
Braviary,5,1020,Supérieur ou égal à la moyenne
Vullaby,5,740,Inférieur ou égal à la moyenne
Mandibuzz,5,1020,Supérieur ou égal à la moyenne
Heatmor,5,968,Supérieur ou égal à la moyenne
Durant,5,968,Supérieur ou égal à la moyenne
Deino,5,600,Inférieur ou égal à la moyenne
Zweilous,5,840,Inférieur ou égal à la moyenne
Hydreigon,5,1200,Supérieur ou égal à la moyenne
Larvesta,5,720,Inférieur ou égal à la moyenne
Volcarona,5,1100,Supérieur ou égal à la moyenne
Cobalion,5,1160,Supérieur ou égal à la moyenne
Terrakion,5,1160,Supérieur ou égal à la moyenne
Virizion,5,1160,Supérieur ou égal à la moyenne
Tornadus,5,1160,Supérieur ou égal à la moyenne
Thundurus,5,1160,Supérieur ou égal à la moyenne
Reshiram,5,1360,Supérieur ou égal à la moyenne
Zekrom,5,1360,Supérieur ou égal à la moyenne
Landorus,5,1200,Supérieur ou égal à la moyenne
Kyurem,5,1400,Supérieur ou égal à la moyenne
Keldeo,5,1160,Supérieur ou égal à la moyenne
Meloetta,5,1200,Supérieur ou égal à la moyenne
Genesect,5,1200,Supérieur ou égal à la moyenne
Chespin,6,626,Inférieur ou égal à la moyenne
Quilladin,6,810,Inférieur ou égal à la moyenne
Chesnaught,6,1060,Supérieur ou égal à la moyenne
Fennekin,6,614,Inférieur ou égal à la moyenne
Braixen,6,818,Inférieur ou égal à la moyenne
Delphox,6,1068,Supérieur ou égal à la moyenne
Froakie,6,628,Inférieur ou égal à la moyenne
Frogadier,6,810,Inférieur ou égal à la moyenne
Greninja,6,1280,Supérieur ou égal à la moyenne
Bunnelby,6,474,Inférieur ou égal à la moyenne
Diggersby,6,846,Inférieur ou égal à la moyenne
Fletchling,6,556,Inférieur ou égal à la moyenne
Fletchinder,6,764,Inférieur ou égal à la moyenne
Talonflame,6,998,Supérieur ou égal à la moyenne
Scatterbug,6,400,Inférieur ou égal à la moyenne
Spewpa,6,426,Inférieur ou égal à la moyenne
Vivillon,6,822,Inférieur ou égal à la moyenne
Litleo,6,738,Inférieur ou égal à la moyenne
Pyroar,6,1014,Supérieur ou égal à la moyenne
Flabébé,6,606,Inférieur ou égal à la moyenne
Floette,6,1102,Supérieur ou égal à la moyenne
Florges,6,1104,Supérieur ou égal à la moyenne
Skiddo,6,700,Inférieur ou égal à la moyenne
Gogoat,6,1062,Supérieur ou égal à la moyenne
Pancham,6,696,Inférieur ou égal à la moyenne
Pangoro,6,990,Supérieur ou égal à la moyenne
Furfrou,6,944,Supérieur ou égal à la moyenne
Espurr,6,710,Inférieur ou égal à la moyenne
Meowstic,6,932,Supérieur ou égal à la moyenne
Honedge,6,650,Inférieur ou égal à la moyenne
Doublade,6,896,Supérieur ou égal à la moyenne
Aegislash,6,1040,Supérieur ou égal à la moyenne
Spritzee,6,682,Inférieur ou égal à la moyenne
Aromatisse,6,924,Supérieur ou égal à la moyenne
Swirlix,6,682,Inférieur ou égal à la moyenne
Slurpuff,6,960,Supérieur ou égal à la moyenne
Inkay,6,576,Inférieur ou égal à la moyenne
Malamar,6,964,Supérieur ou égal à la moyenne
Binacle,6,612,Inférieur ou égal à la moyenne
Barbaracle,6,1000,Supérieur ou égal à la moyenne
Skrelp,6,640,Inférieur ou égal à la moyenne
Dragalge,6,988,Supérieur ou égal à la moyenne
Clauncher,6,660,Inférieur ou égal à la moyenne
Clawitzer,6,1000,Supérieur ou égal à la moyenne
Helioptile,6,578,Inférieur ou égal à la moyenne
Heliolisk,6,962,Supérieur ou égal à la moyenne
Tyrunt,6,724,Inférieur ou égal à la moyenne
Tyrantrum,6,1042,Supérieur ou égal à la moyenne
Amaura,6,724,Inférieur ou égal à la moyenne
Aurorus,6,1042,Supérieur ou égal à la moyenne
Sylveon,6,1050,Supérieur ou égal à la moyenne
Hawlucha,6,1000,Supérieur ou égal à la moyenne
Dedenne,6,862,Inférieur ou égal à la moyenne
Carbink,6,1000,Supérieur ou égal à la moyenne
Goomy,6,600,Inférieur ou égal à la moyenne
Sliggoo,6,904,Supérieur ou égal à la moyenne
Goodra,6,1200,Supérieur ou égal à la moyenne
Klefki,6,940,Supérieur ou égal à la moyenne
Phantump,6,618,Inférieur ou égal à la moyenne
Trevenant,6,948,Supérieur ou égal à la moyenne
Pumpkaboo,6,670,Inférieur ou égal à la moyenne
Gourgeist,6,988,Supérieur ou égal à la moyenne
Bergmite,6,608,Inférieur ou égal à la moyenne
Avalugg,6,1028,Supérieur ou égal à la moyenne
Noibat,6,490,Inférieur ou égal à la moyenne
Noivern,6,1070,Supérieur ou égal à la moyenne
Xerneas,6,1360,Supérieur ou égal à la moyenne
Yveltal,6,1360,Supérieur ou égal à la moyenne
Zygarde,6,1416,Supérieur ou égal à la moyenne
Diancie,6,1400,Supérieur ou égal à la moyenne
Hoopa,6,1360,Supérieur ou égal à la moyenne
Volcanion,6,1200,Supérieur ou égal à la moyenne
Rowlet,7,640,Inférieur ou égal à la moyenne
Dartrix,7,840,Inférieur ou égal à la moyenne
Decidueye,7,1060,Supérieur ou égal à la moyenne
Litten,7,640,Inférieur ou égal à la moyenne
Torracat,7,840,Inférieur ou égal à la moyenne
Incineroar,7,1060,Supérieur ou égal à la moyenne
Popplio,7,640,Inférieur ou égal à la moyenne
Brionne,7,840,Inférieur ou égal à la moyenne
Primarina,7,1060,Supérieur ou égal à la moyenne
Pikipek,7,530,Inférieur ou égal à la moyenne
Trumbeak,7,710,Inférieur ou égal à la moyenne
Toucannon,7,970,Supérieur ou égal à la moyenne
Yungoos,7,506,Inférieur ou égal à la moyenne
Gumshoos,7,836,Inférieur ou égal à la moyenne
Grubbin,7,600,Inférieur ou égal à la moyenne
Charjabug,7,800,Inférieur ou égal à la moyenne
Vikavolt,7,1000,Supérieur ou égal à la moyenne
Crabrawler,7,676,Inférieur ou égal à la moyenne
Crabominable,7,956,Supérieur ou égal à la moyenne
Oricorio,7,952,Supérieur ou égal à la moyenne
Cutiefly,7,608,Inférieur ou égal à la moyenne
Ribombee,7,928,Supérieur ou égal à la moyenne
Rockruff,7,560,Inférieur ou égal à la moyenne
Lycanroc,7,974,Supérieur ou égal à la moyenne
Wishiwashi,7,1240,Supérieur ou égal à la moyenne
Mareanie,7,610,Inférieur ou égal à la moyenne
Toxapex,7,990,Supérieur ou égal à la moyenne
Mudbray,7,770,Inférieur ou égal à la moyenne
Mudsdale,7,1000,Supérieur ou égal à la moyenne
Dewpider,7,538,Inférieur ou égal à la moyenne
Araquanid,7,908,Supérieur ou égal à la moyenne
Fomantis,7,500,Inférieur ou égal à la moyenne
Lurantis,7,960,Supérieur ou égal à la moyenne
Morelull,7,570,Inférieur ou égal à la moyenne
Shiinotic,7,810,Inférieur ou égal à la moyenne
Salandit,7,640,Inférieur ou égal à la moyenne
Salazzle,7,960,Supérieur ou égal à la moyenne
Stufful,7,680,Inférieur ou égal à la moyenne
Bewear,7,1000,Supérieur ou égal à la moyenne
Bounsweet,7,420,Inférieur ou égal à la moyenne
Steenee,7,580,Inférieur ou égal à la moyenne
Tsareena,7,1020,Supérieur ou égal à la moyenne
Comfey,7,970,Supérieur ou égal à la moyenne
Oranguru,7,980,Supérieur ou égal à la moyenne
Passimian,7,980,Supérieur ou égal à la moyenne
Wimpod,7,460,Inférieur ou égal à la moyenne
Golisopod,7,1060,Supérieur ou égal à la moyenne
Sandygast,7,640,Inférieur ou égal à la moyenne
Palossand,7,960,Supérieur ou égal à la moyenne
Pyukumuku,7,820,Inférieur ou égal à la moyenne
Type: Null,7,1068,Supérieur ou égal à la moyenne
Silvally,7,1140,Supérieur ou égal à la moyenne
Minior,7,1000,Supérieur ou égal à la moyenne
Komala,7,960,Supérieur ou égal à la moyenne
Turtonator,7,970,Supérieur ou égal à la moyenne
Togedemaru,7,870,Inférieur ou égal à la moyenne
Mimikyu,7,952,Supérieur ou égal à la moyenne
Bruxish,7,950,Supérieur ou égal à la moyenne
Drampa,7,970,Supérieur ou égal à la moyenne
Dhelmise,7,1034,Supérieur ou égal à la moyenne
Jangmo-o,7,600,Inférieur ou égal à la moyenne
Hakamo-o,7,840,Inférieur ou égal à la moyenne
Kommo-o,7,1200,Supérieur ou égal à la moyenne
Tapu Koko,7,1140,Supérieur ou égal à la moyenne
Tapu Lele,7,1140,Supérieur ou égal à la moyenne
Tapu Bulu,7,1140,Supérieur ou égal à la moyenne
Tapu Fini,7,1140,Supérieur ou égal à la moyenne
Cosmog,7,400,Inférieur ou égal à la moyenne
Cosmoem,7,800,Inférieur ou égal à la moyenne
Solgaleo,7,1360,Supérieur ou égal à la moyenne
Lunala,7,1360,Supérieur ou égal à la moyenne
Nihilego,7,1140,Supérieur ou égal à la moyenne
Buzzwole,7,1140,Supérieur ou égal à la moyenne
Pheromosa,7,1140,Supérieur ou égal à la moyenne
Xurkitree,7,1140,Supérieur ou égal à la moyenne
Celesteela,7,1140,Supérieur ou égal à la moyenne
Kartana,7,1140,Supérieur ou égal à la moyenne
Guzzlord,7,1140,Supérieur ou égal à la moyenne
Necrozma,7,1200,Supérieur ou égal à la moyenne
Magearna,7,1200,Supérieur ou égal à la moyenne
